features,mean
x_mean,0.32066301910848044
y_mean,0.314596392481433
z_mean,0.3129137417836515
loc0,0.004117956116099161
loc1,0.0022119120593267973
loc2,0.009112855284779238
loc3,0.0
loc4,0.008776357013246699
loc5,0.01164275342391137
loc6,0.006994055759378206
loc7,0.005102278403228798
loc8,0.0038686785664650315
